work_year;experience_level;employment_type;job_title;salary;salary_currency;employee_residence;work_type;company_location;company_size
2020;Mid Level;Full Time;Data Scientist;70000;EUR;DE;On Site;DE;Large
2020;Senior Level;Full Time;Machine Learning Scientist;260000;USD;JP;On Site;JP;Small
2020;Senior Level;Full Time;Big Data Engineer;85000;GBP;GB;Hybrid;GB;Medium
2020;Mid Level;Full Time;Product Data Analyst;20000;USD;HN;On Site;HN;Small
2020;Senior Level;Full Time;Machine Learning Engineer;150000;USD;US;Hybrid;US;Large
2020;Entry Level;Full Time;Data Analyst;72000;USD;US;Fully Remote;US;Large
2020;Senior Level;Full Time;Lead Data Scientist;190000;USD;US;Fully Remote;US;Small
2020;Mid Level;Full Time;Data Scientist;11000000;HUF;HU;Hybrid;HU;Large
2020;Mid Level;Full Time;Business Data Analyst;135000;USD;US;Fully Remote;US;Large
2020;Senior Level;Full Time;Lead Data Engineer;125000;USD;NZ;Hybrid;NZ;Small
2020;Entry Level;Full Time;Data Scientist;45000;EUR;FR;On Site;FR;Small
2020;Mid Level;Full Time;Data Scientist;3000000;INR;IN;On Site;IN;Large
2020;Entry Level;Full Time;Data Scientist;35000;EUR;FR;On Site;FR;Medium
2020;Mid Level;Full Time;Lead Data Analyst;87000;USD;US;Fully Remote;US;Large
2020;Mid Level;Full Time;Data Analyst;85000;USD;US;Fully Remote;US;Large
2020;Mid Level;Full Time;Data Analyst;8000;USD;PK;Hybrid;PK;Large
2020;Entry Level;Full Time;Data Engineer;4450000;JPY;JP;Fully Remote;JP;Small
2020;Senior Level;Full Time;Big Data Engineer;100000;EUR;PL;Fully Remote;GB;Small
2020;Entry Level;Full Time;Data Science Consultant;423000;INR;IN;Hybrid;IN;Medium
2020;Mid Level;Full Time;Lead Data Engineer;56000;USD;PT;Fully Remote;US;Medium
2020;Mid Level;Full Time;Machine Learning Engineer;299000;CNY;CN;On Site;CN;Medium
2020;Mid Level;Full Time;Product Data Analyst;450000;INR;IN;Fully Remote;IN;Large
2020;Senior Level;Full Time;Data Engineer;42000;EUR;GR;Hybrid;GR;Large
2020;Mid Level;Full Time;BI Data Analyst;98000;USD;US;On Site;US;Medium
2020;Mid Level;Full Time;Lead Data Scientist;115000;USD;AE;On Site;AE;Large
2020;Executive;Full Time;Director of Data Science;325000;USD;US;Fully Remote;US;Large
2020;Entry Level;Full Time;Research Scientist;42000;USD;NL;Hybrid;NL;Large
2020;Senior Level;Full Time;Data Engineer;720000;MXN;MX;On Site;MX;Small
2020;Entry Level;Contract;Business Data Analyst;100000;USD;US;Fully Remote;US;Large
2020;Senior Level;Full Time;Machine Learning Manager;157000;CAD;CA;Hybrid;CA;Large
2020;Mid Level;Full Time;Data Engineering Manager;51999;EUR;DE;Fully Remote;DE;Small
2020;Entry Level;Full Time;Big Data Engineer;70000;USD;US;Fully Remote;US;Large
2020;Senior Level;Full Time;Data Scientist;60000;EUR;GR;Fully Remote;US;Large
2020;Mid Level;Full Time;Research Scientist;450000;USD;US;On Site;US;Medium
2020;Mid Level;Full Time;Data Analyst;41000;EUR;FR;Hybrid;FR;Large
2020;Mid Level;Full Time;Data Engineer;65000;EUR;AT;Hybrid;AT;Large
2020;Mid Level;Full Time;Data Science Consultant;103000;USD;US;Fully Remote;US;Large
2020;Entry Level;Full Time;Machine Learning Engineer;250000;USD;US;Hybrid;US;Large
2020;Entry Level;Full Time;Data Analyst;10000;USD;NG;Fully Remote;NG;Small
2020;Entry Level;Full Time;Machine Learning Engineer;138000;USD;US;Fully Remote;US;Small
2020;Mid Level;Full Time;Data Scientist;45760;USD;PH;Fully Remote;US;Small
2020;Executive;Full Time;Data Engineering Manager;70000;EUR;ES;Hybrid;ES;Large
2020;Mid Level;Full Time;Machine Learning Infrastructure Engineer;44000;EUR;PT;On Site;PT;Medium
2020;Mid Level;Full Time;Data Engineer;106000;USD;US;Fully Remote;US;Large
2020;Mid Level;Full Time;Data Engineer;88000;GBP;GB;Hybrid;GB;Large
2020;Entry Level;Part Time;ML Engineer;14000;EUR;DE;Fully Remote;DE;Small
2020;Mid Level;Full Time;Data Scientist;60000;GBP;GB;Fully Remote;GB;Small
2020;Senior Level;Full Time;Data Engineer;188000;USD;US;Fully Remote;US;Large
2020;Mid Level;Full Time;Data Scientist;105000;USD;US;Fully Remote;US;Large
2020;Mid Level;Full Time;Data Engineer;61500;EUR;FR;Hybrid;FR;Large
2020;Entry Level;Full Time;Data Analyst;450000;INR;IN;On Site;IN;Small
2020;Entry Level;Full Time;Data Analyst;91000;USD;US;Fully Remote;US;Large
2020;Entry Level;Full Time;AI Scientist;300000;DKK;DK;Hybrid;DK;Small
2020;Entry Level;Full Time;Data Engineer;48000;EUR;PK;Fully Remote;DE;Large
2020;Senior Level;Freelance;Computer Vision Engineer;60000;USD;RU;Fully Remote;US;Small
2020;Senior Level;Full Time;Principal Data Scientist;130000;EUR;DE;Fully Remote;DE;Medium
2020;Mid Level;Full Time;Data Scientist;34000;EUR;ES;Fully Remote;ES;Medium
2020;Mid Level;Full Time;Data Scientist;118000;USD;US;Fully Remote;US;Medium
2020;Senior Level;Full Time;Data Scientist;120000;USD;US;Hybrid;US;Large
2020;Mid Level;Full Time;Data Scientist;138350;USD;US;Fully Remote;US;Medium
2020;Mid Level;Full Time;Data Engineer;110000;USD;US;Fully Remote;US;Large
2020;Mid Level;Full Time;Data Engineer;130800;USD;ES;Fully Remote;US;Medium
2020;Entry Level;Part Time;Data Scientist;19000;EUR;IT;Hybrid;IT;Small
2020;Senior Level;Full Time;Data Scientist;412000;USD;US;Fully Remote;US;Large
2020;Senior Level;Full Time;Machine Learning Engineer;40000;EUR;HR;Fully Remote;HR;Small
2020;Entry Level;Full Time;Data Scientist;55000;EUR;DE;Hybrid;DE;Small
2020;Entry Level;Full Time;Data Scientist;43200;EUR;DE;On Site;DE;Small
2020;Senior Level;Full Time;Data Science Manager;190200;USD;US;Fully Remote;US;Medium
2020;Entry Level;Full Time;Data Scientist;105000;USD;US;Fully Remote;US;Small
2020;Senior Level;Full Time;Data Scientist;80000;EUR;AT;On Site;AT;Small
2020;Mid Level;Full Time;Data Scientist;55000;EUR;FR;Hybrid;LU;Small
2020;Mid Level;Full Time;Data Scientist;37000;EUR;FR;Hybrid;FR;Small
2021;Entry Level;Full Time;Research Scientist;60000;GBP;GB;Hybrid;GB;Large
2021;Executive;Full Time;BI Data Analyst;150000;USD;IN;Fully Remote;US;Large
2021;Executive;Full Time;Head of Data;235000;USD;US;Fully Remote;US;Large
2021;Senior Level;Full Time;Data Scientist;45000;EUR;FR;Hybrid;FR;Large
2021;Mid Level;Full Time;BI Data Analyst;100000;USD;US;Fully Remote;US;Medium
2021;Mid Level;Part Time;3D Computer Vision Researcher;400000;INR;IN;Hybrid;IN;Medium
2021;Mid Level;Contract;ML Engineer;270000;USD;US;Fully Remote;US;Large
2021;Entry Level;Full Time;Data Analyst;80000;USD;US;Fully Remote;US;Medium
2021;Senior Level;Full Time;Data Analytics Engineer;67000;EUR;DE;Fully Remote;DE;Large
2021;Mid Level;Full Time;Data Engineer;140000;USD;US;Fully Remote;US;Large
2021;Mid Level;Full Time;Applied Data Scientist;68000;CAD;GB;Hybrid;CA;Large
2021;Mid Level;Full Time;Machine Learning Engineer;40000;EUR;ES;Fully Remote;ES;Small
2021;Executive;Full Time;Director of Data Science;130000;EUR;IT;Fully Remote;PL;Large
2021;Mid Level;Full Time;Data Engineer;110000;PLN;PL;Fully Remote;PL;Large
2021;Entry Level;Full Time;Data Analyst;50000;EUR;FR;Hybrid;FR;Medium
2021;Mid Level;Full Time;Data Analytics Engineer;110000;USD;US;Fully Remote;US;Large
2021;Senior Level;Full Time;Lead Data Analyst;170000;USD;US;Fully Remote;US;Large
2021;Senior Level;Full Time;Data Analyst;80000;USD;BG;Fully Remote;US;Small
2021;Senior Level;Full Time;Marketing Data Analyst;75000;EUR;GR;Fully Remote;DK;Large
2021;Entry Level;Full Time;Data Science Consultant;65000;EUR;DE;Fully Remote;DE;Small
2021;Mid Level;Full Time;Lead Data Analyst;1450000;INR;IN;Fully Remote;IN;Large
2021;Senior Level;Full Time;Lead Data Engineer;276000;USD;US;On Site;US;Large
2021;Entry Level;Full Time;Data Scientist;2200000;INR;IN;Hybrid;IN;Large
2021;Mid Level;Full Time;Cloud Data Engineer;120000;SGD;SG;Hybrid;SG;Large
2021;Entry Level;Part Time;AI Scientist;12000;USD;BR;Fully Remote;US;Small
2021;Mid Level;Full Time;Financial Data Analyst;450000;USD;US;Fully Remote;US;Large
2021;Entry Level;Full Time;Computer Vision Software Engineer;70000;USD;US;Fully Remote;US;Medium
2021;Mid Level;Full Time;Computer Vision Software Engineer;81000;EUR;DE;Fully Remote;US;Small
2021;Mid Level;Full Time;Data Analyst;75000;USD;US;On Site;US;Large
2021;Senior Level;Full Time;Data Engineer;150000;USD;US;Fully Remote;US;Large
2021;Mid Level;Full Time;BI Data Analyst;11000000;HUF;HU;Hybrid;US;Large
2021;Mid Level;Full Time;Data Analyst;62000;USD;US;On Site;US;Large
2021;Mid Level;Full Time;Data Scientist;73000;USD;US;On Site;US;Large
2021;Mid Level;Full Time;Data Analyst;37456;GBP;GB;Hybrid;GB;Large
2021;Mid Level;Full Time;Research Scientist;235000;CAD;CA;Fully Remote;CA;Large
2021;Senior Level;Full Time;Data Engineer;115000;USD;US;Fully Remote;US;Small
2021;Senior Level;Full Time;Data Engineer;150000;USD;US;Fully Remote;US;Medium
2021;Entry Level;Full Time;Data Engineer;2250000;INR;IN;Fully Remote;IN;Large
2021;Senior Level;Full Time;Machine Learning Engineer;80000;EUR;DE;Hybrid;DE;Large
2021;Senior Level;Full Time;Director of Data Engineering;82500;GBP;GB;Fully Remote;GB;Medium
2021;Senior Level;Full Time;Lead Data Engineer;75000;GBP;GB;Fully Remote;GB;Small
2021;Entry Level;Part Time;AI Scientist;12000;USD;PK;Fully Remote;US;Medium
2021;Mid Level;Full Time;Data Engineer;38400;EUR;NL;Fully Remote;NL;Large
2021;Entry Level;Full Time;Machine Learning Scientist;225000;USD;US;Fully Remote;US;Large
2021;Mid Level;Full Time;Data Scientist;50000;USD;NG;Fully Remote;NG;Large
2021;Mid Level;Full Time;Data Science Engineer;34000;EUR;GR;Fully Remote;GR;Medium
2021;Entry Level;Full Time;Data Analyst;90000;USD;US;Fully Remote;US;Small
2021;Mid Level;Full Time;Data Engineer;200000;USD;US;Fully Remote;US;Large
2021;Mid Level;Full Time;Big Data Engineer;60000;USD;ES;Hybrid;RO;Medium
2021;Senior Level;Full Time;Principal Data Engineer;200000;USD;US;Fully Remote;US;Medium
2021;Entry Level;Full Time;Data Analyst;50000;USD;US;Fully Remote;US;Medium
2021;Entry Level;Full Time;Applied Data Scientist;80000;GBP;GB;On Site;GB;Large
2021;Entry Level;Part Time;Data Analyst;8760;EUR;ES;Hybrid;ES;Medium
2021;Mid Level;Full Time;Principal Data Scientist;151000;USD;US;Fully Remote;US;Large
2021;Senior Level;Full Time;Machine Learning Scientist;120000;USD;US;Hybrid;US;Small
2021;Mid Level;Full Time;Data Scientist;700000;INR;IN;On Site;IN;Small
2021;Entry Level;Full Time;Machine Learning Engineer;20000;USD;IN;Fully Remote;IN;Small
2021;Senior Level;Full Time;Lead Data Scientist;3000000;INR;IN;Hybrid;IN;Large
2021;Entry Level;Full Time;Machine Learning Developer;100000;USD;IQ;Hybrid;IQ;Small
2021;Entry Level;Full Time;Data Scientist;42000;EUR;FR;Hybrid;FR;Medium
2021;Mid Level;Full Time;Applied Machine Learning Scientist;38400;USD;VN;Fully Remote;US;Medium
2021;Senior Level;Full Time;Computer Vision Engineer;24000;USD;BR;Fully Remote;BR;Medium
2021;Entry Level;Full Time;Data Scientist;100000;USD;US;On Site;US;Small
2021;Mid Level;Full Time;Data Analyst;90000;USD;US;Fully Remote;US;Medium
2021;Mid Level;Full Time;ML Engineer;7000000;JPY;JP;Hybrid;JP;Small
2021;Mid Level;Full Time;ML Engineer;8500000;JPY;JP;Hybrid;JP;Small
2021;Senior Level;Full Time;Principal Data Scientist;220000;USD;US;On Site;US;Large
2021;Entry Level;Full Time;Data Scientist;80000;USD;US;Fully Remote;US;Medium
2021;Mid Level;Full Time;Data Analyst;135000;USD;US;Fully Remote;US;Large
2021;Senior Level;Full Time;Data Science Manager;240000;USD;US;On Site;US;Large
2021;Senior Level;Full Time;Data Engineering Manager;150000;USD;US;On Site;US;Large
2021;Mid Level;Full Time;Data Scientist;82500;USD;US;Fully Remote;US;Small
2021;Mid Level;Full Time;Data Engineer;100000;USD;US;Fully Remote;US;Large
2021;Senior Level;Full Time;Machine Learning Engineer;70000;EUR;BE;Hybrid;BE;Medium
2021;Mid Level;Full Time;Research Scientist;53000;EUR;FR;Hybrid;FR;Medium
2021;Mid Level;Full Time;Data Engineer;90000;USD;US;Fully Remote;US;Large
2021;Senior Level;Full Time;Data Engineering Manager;153000;USD;US;Fully Remote;US;Large
2021;Senior Level;Full Time;Cloud Data Engineer;160000;USD;BR;Fully Remote;US;Small
2021;Senior Level;Full Time;Director of Data Science;168000;USD;JP;On Site;JP;Small
2021;Mid Level;Full Time;Data Scientist;150000;USD;US;Fully Remote;US;Medium
2021;Mid Level;Full Time;Data Scientist;95000;CAD;CA;Fully Remote;CA;Large
2021;Entry Level;Full Time;Data Scientist;13400;USD;UA;Fully Remote;UA;Large
2021;Senior Level;Full Time;Data Science Manager;144000;USD;US;Fully Remote;US;Large
2021;Senior Level;Full Time;Data Science Engineer;159500;CAD;CA;Hybrid;CA;Large
2021;Mid Level;Full Time;Data Scientist;160000;SGD;SG;Fully Remote;IL;Medium
2021;Mid Level;Full Time;Applied Machine Learning Scientist;423000;USD;US;Hybrid;US;Large
2021;Senior Level;Full Time;Data Analytics Manager;120000;USD;US;Fully Remote;US;Medium
2021;Entry Level;Full Time;Machine Learning Engineer;125000;USD;US;Fully Remote;US;Small
2021;Executive;Full Time;Head of Data;230000;USD;RU;Hybrid;RU;Large
2021;Executive;Full Time;Head of Data Science;85000;USD;RU;On Site;RU;Medium
2021;Mid Level;Full Time;Data Engineer;24000;EUR;MT;Hybrid;MT;Large
2021;Entry Level;Full Time;Data Science Consultant;54000;EUR;DE;Hybrid;DE;Large
2021;Executive;Full Time;Director of Data Science;110000;EUR;DE;Hybrid;DE;Medium
2021;Senior Level;Full Time;Data Specialist;165000;USD;US;Fully Remote;US;Large
2021;Entry Level;Full Time;Data Engineer;80000;USD;US;Fully Remote;US;Large
2021;Executive;Full Time;Director of Data Science;250000;USD;US;On Site;US;Large
2021;Entry Level;Full Time;BI Data Analyst;55000;USD;US;Hybrid;US;Small
2021;Mid Level;Full Time;Data Architect;150000;USD;US;Fully Remote;US;Large
2021;Mid Level;Full Time;Data Architect;170000;USD;US;Fully Remote;US;Large
2021;Mid Level;Full Time;Data Engineer;60000;GBP;GB;Fully Remote;GB;Large
2021;Entry Level;Full Time;Data Analyst;60000;USD;US;Fully Remote;US;Small
2021;Senior Level;Full Time;Principal Data Scientist;235000;USD;US;Fully Remote;US;Large
2021;Senior Level;Full Time;Research Scientist;51400;EUR;PT;Hybrid;PT;Large
2021;Senior Level;Full Time;Data Engineering Manager;174000;USD;US;Fully Remote;US;Large
2021;Mid Level;Full Time;Data Scientist;58000;MXN;MX;On Site;MX;Small
2021;Mid Level;Full Time;Data Scientist;30400000;CLP;CL;Fully Remote;CL;Large
2021;Entry Level;Full Time;Machine Learning Engineer;81000;USD;US;Hybrid;US;Small
2021;Mid Level;Full Time;Data Scientist;420000;INR;IN;Fully Remote;US;Small
2021;Mid Level;Full Time;Big Data Engineer;1672000;INR;IN;On Site;IN;Large
2021;Mid Level;Full Time;Data Scientist;76760;EUR;DE;Hybrid;DE;Large
2021;Mid Level;Full Time;Data Engineer;22000;EUR;RO;On Site;US;Large
2021;Senior Level;Full Time;Finance Data Analyst;45000;GBP;GB;Hybrid;GB;Large
2021;Mid Level;Freelance;Machine Learning Scientist;12000;USD;PK;Hybrid;PK;Medium
2021;Mid Level;Full Time;Data Engineer;4000;USD;IR;Fully Remote;IR;Medium
2021;Senior Level;Full Time;Data Analytics Engineer;50000;USD;VN;Fully Remote;GB;Medium
2021;Executive;Full Time;Data Science Consultant;59000;EUR;FR;Fully Remote;ES;Small
2021;Senior Level;Full Time;Data Engineer;65000;EUR;RO;Hybrid;GB;Small
2021;Mid Level;Full Time;Machine Learning Engineer;74000;USD;JP;Hybrid;JP;Small
2021;Senior Level;Full Time;Data Science Manager;152000;USD;US;Fully Remote;FR;Large
2021;Entry Level;Full Time;Machine Learning Engineer;21844;USD;CO;Hybrid;CO;Medium
2021;Mid Level;Full Time;Big Data Engineer;18000;USD;MD;On Site;MD;Small
2021;Senior Level;Full Time;Data Science Manager;174000;USD;US;Fully Remote;US;Large
2021;Senior Level;Full Time;Research Scientist;120500;CAD;CA;Hybrid;CA;Large
2021;Mid Level;Full Time;Data Scientist;147000;USD;US;Hybrid;US;Large
2021;Entry Level;Full Time;BI Data Analyst;9272;USD;KE;Fully Remote;KE;Small
2021;Senior Level;Full Time;Machine Learning Engineer;1799997;INR;IN;Fully Remote;IN;Large
2021;Senior Level;Full Time;Data Science Manager;4000000;INR;IN;Hybrid;US;Large
2021;Entry Level;Full Time;Data Science Consultant;90000;USD;US;Fully Remote;US;Small
2021;Mid Level;Full Time;Data Scientist;52000;EUR;DE;Hybrid;AT;Medium
2021;Senior Level;Full Time;Machine Learning Infrastructure Engineer;195000;USD;US;Fully Remote;US;Medium
2021;Mid Level;Full Time;Data Scientist;32000;EUR;ES;Fully Remote;ES;Large
2021;Senior Level;Full Time;Research Scientist;50000;USD;FR;Fully Remote;US;Small
2021;Mid Level;Full Time;Data Scientist;160000;USD;US;Fully Remote;US;Large
2021;Mid Level;Full Time;Data Scientist;69600;BRL;BR;On Site;BR;Small
2021;Senior Level;Full Time;Machine Learning Engineer;200000;USD;US;Fully Remote;US;Large
2021;Senior Level;Full Time;Data Engineer;165000;USD;US;On Site;US;Medium
2021;Mid Level;Freelance;Data Engineer;20000;USD;IT;On Site;US;Large
2021;Senior Level;Full Time;Data Analytics Manager;120000;USD;US;On Site;US;Large
2021;Mid Level;Full Time;Machine Learning Engineer;21000;EUR;SI;Hybrid;SI;Large
2021;Mid Level;Full Time;Research Scientist;48000;EUR;FR;Hybrid;FR;Small
2021;Mid Level;Full Time;Data Engineer;48000;GBP;HK;Hybrid;GB;Small
2021;Entry Level;Full Time;Big Data Engineer;435000;INR;IN;On Site;CH;Large
2021;Entry Level;Full Time;Machine Learning Engineer;21000;EUR;DE;Hybrid;DE;Medium
2021;Senior Level;Full Time;Principal Data Engineer;185000;USD;US;Fully Remote;US;Large
2021;Entry Level;Part Time;Computer Vision Engineer;180000;DKK;DK;Hybrid;DK;Small
2021;Mid Level;Full Time;Data Scientist;76760;EUR;DE;Hybrid;DE;Large
2021;Mid Level;Full Time;Machine Learning Engineer;75000;EUR;BE;Fully Remote;BE;Medium
2021;Senior Level;Full Time;Data Analytics Manager;140000;USD;US;Fully Remote;US;Large
2021;Mid Level;Full Time;Machine Learning Engineer;180000;PLN;PL;Fully Remote;PL;Large
2021;Mid Level;Full Time;Data Scientist;85000;GBP;GB;Hybrid;GB;Large
2021;Mid Level;Full Time;Data Scientist;2500000;INR;IN;On Site;IN;Medium
2021;Mid Level;Full Time;Data Scientist;40900;GBP;GB;Hybrid;GB;Large
2021;Senior Level;Full Time;Machine Learning Scientist;225000;USD;US;Fully Remote;CA;Large
2021;Executive;Contract;Principal Data Scientist;416000;USD;US;Fully Remote;US;Small
2021;Senior Level;Full Time;Data Scientist;110000;CAD;CA;Fully Remote;CA;Small
2021;Mid Level;Full Time;Data Scientist;75000;EUR;DE;Hybrid;DE;Large
2021;Senior Level;Full Time;Data Scientist;135000;USD;US;On Site;US;Large
2021;Senior Level;Full Time;Data Analyst;90000;CAD;CA;Fully Remote;CA;Medium
2021;Entry Level;Full Time;Big Data Engineer;1200000;INR;IN;Fully Remote;IN;Large
2021;Senior Level;Full Time;ML Engineer;256000;USD;US;Fully Remote;US;Small
2021;Senior Level;Full Time;Director of Data Engineering;200000;USD;US;Fully Remote;US;Large
2021;Senior Level;Full Time;Data Analyst;200000;USD;US;Fully Remote;US;Large
2021;Mid Level;Full Time;Data Architect;180000;USD;US;Fully Remote;US;Large
2021;Mid Level;Full Time;Head of Data Science;110000;USD;US;On Site;US;Small
2021;Mid Level;Full Time;Research Scientist;80000;CAD;CA;Fully Remote;CA;Medium
2021;Mid Level;Full Time;Data Scientist;39600;EUR;ES;Fully Remote;ES;Medium
2021;Entry Level;Full Time;Data Scientist;4000;USD;VN;On Site;VN;Medium
2021;Entry Level;Full Time;Data Engineer;1600000;INR;IN;Hybrid;IN;Medium
2021;Senior Level;Full Time;Data Scientist;130000;CAD;CA;Fully Remote;CA;Large
2021;Mid Level;Full Time;Data Analyst;80000;USD;US;Fully Remote;US;Large
2021;Mid Level;Full Time;Data Engineer;110000;USD;US;Fully Remote;US;Large
2021;Senior Level;Full Time;Data Scientist;165000;USD;US;Fully Remote;US;Large
2021;Entry Level;Full Time;AI Scientist;1335000;INR;IN;Fully Remote;AS;Small
2021;Mid Level;Full Time;Data Engineer;52500;GBP;GB;Hybrid;GB;Large
2021;Entry Level;Full Time;Data Scientist;31000;EUR;FR;Hybrid;FR;Large
2021;Mid Level;Full Time;Data Engineer;108000;TRY;TR;On Site;TR;Medium
2021;Senior Level;Full Time;Data Engineer;70000;GBP;GB;Hybrid;GB;Large
2021;Senior Level;Full Time;Principal Data Analyst;170000;USD;US;Fully Remote;US;Medium
2021;Mid Level;Full Time;Data Scientist;115000;USD;US;Hybrid;US;Large
2021;Entry Level;Full Time;Data Scientist;90000;USD;US;Fully Remote;US;Small
2021;Executive;Full Time;Principal Data Engineer;600000;USD;US;Fully Remote;US;Large
2021;Entry Level;Full Time;Data Scientist;2100000;INR;IN;Fully Remote;IN;Medium
2021;Mid Level;Full Time;Data Analyst;93000;USD;US;Fully Remote;US;Large
2021;Senior Level;Full Time;Big Data Architect;125000;CAD;CA;Hybrid;CA;Medium
2021;Mid Level;Full Time;Data Engineer;200000;USD;US;Fully Remote;US;Large
2021;Senior Level;Full Time;Principal Data Scientist;147000;EUR;DE;Fully Remote;DE;Medium
2021;Senior Level;Full Time;Machine Learning Engineer;185000;USD;US;Hybrid;US;Large
2021;Executive;Full Time;Director of Data Science;120000;EUR;DE;On Site;DE;Large
2021;Mid Level;Full Time;Data Scientist;130000;USD;US;Hybrid;US;Large
2021;Senior Level;Full Time;Data Analyst;54000;EUR;DE;Hybrid;DE;Large
2021;Mid Level;Full Time;Data Scientist;1250000;INR;IN;Fully Remote;IN;Small
2021;Senior Level;Full Time;Machine Learning Engineer;4900000;INR;IN;On Site;IN;Large
2021;Mid Level;Full Time;Data Scientist;21600;EUR;RS;Fully Remote;DE;Small
2021;Senior Level;Full Time;Lead Data Engineer;160000;USD;PR;Hybrid;US;Small
2021;Mid Level;Full Time;Data Engineer;93150;USD;US;On Site;US;Medium
2021;Mid Level;Full Time;Data Engineer;111775;USD;US;On Site;US;Medium
2021;Mid Level;Full Time;Data Engineer;250000;TRY;TR;Fully Remote;TR;Medium
2021;Entry Level;Full Time;Data Engineer;55000;EUR;DE;Hybrid;DE;Medium
2021;Entry Level;Full Time;Data Engineer;72500;USD;US;Fully Remote;US;Large
2021;Senior Level;Full Time;Computer Vision Engineer;102000;BRL;BR;On Site;BR;Medium
2021;Entry Level;Full Time;Data Science Consultant;65000;EUR;DE;On Site;DE;Large
2021;Entry Level;Full Time;Machine Learning Engineer;85000;USD;NL;Fully Remote;DE;Small
2021;Senior Level;Full Time;Data Scientist;65720;EUR;FR;Hybrid;FR;Medium
2021;Entry Level;Full Time;Data Scientist;100000;USD;US;Fully Remote;US;Medium
2021;Entry Level;Full Time;Data Scientist;58000;USD;US;Hybrid;US;Large
2021;Senior Level;Full Time;AI Scientist;55000;USD;ES;Fully Remote;ES;Large
2021;Senior Level;Full Time;Data Scientist;180000;TRY;TR;Hybrid;TR;Large
2021;Entry Level;Full Time;Business Data Analyst;50000;EUR;LU;Fully Remote;LU;Large
2021;Mid Level;Full Time;Data Engineer;112000;USD;US;Fully Remote;US;Large
2021;Entry Level;Full Time;Research Scientist;100000;USD;JE;On Site;CN;Large
2021;Mid Level;Part Time;Data Engineer;59000;EUR;NL;Fully Remote;NL;Large
2021;Senior Level;Contract;Staff Data Scientist;105000;USD;US;Fully Remote;US;Medium
2021;Mid Level;Full Time;Research Scientist;69999;USD;CZ;Hybrid;CZ;Large
2021;Senior Level;Full Time;Data Science Manager;7000000;INR;IN;Hybrid;IN;Large
2021;Senior Level;Full Time;Head of Data;87000;EUR;SI;Fully Remote;SI;Large
2021;Mid Level;Full Time;Data Scientist;109000;USD;US;Hybrid;US;Large
2021;Mid Level;Full Time;Machine Learning Engineer;43200;EUR;IT;Hybrid;IT;Large
2022;Senior Level;Full Time;Data Engineer;135000;USD;US;Fully Remote;US;Medium
2022;Senior Level;Full Time;Data Analyst;155000;USD;US;Fully Remote;US;Medium
2022;Senior Level;Full Time;Data Analyst;120600;USD;US;Fully Remote;US;Medium
2022;Mid Level;Full Time;Data Scientist;130000;USD;US;On Site;US;Medium
2022;Mid Level;Full Time;Data Scientist;90000;USD;US;On Site;US;Medium
2022;Mid Level;Full Time;Data Engineer;170000;USD;US;Fully Remote;US;Medium
2022;Mid Level;Full Time;Data Engineer;150000;USD;US;Fully Remote;US;Medium
2022;Senior Level;Full Time;Data Analyst;102100;USD;US;Fully Remote;US;Medium
2022;Senior Level;Full Time;Data Analyst;84900;USD;US;Fully Remote;US;Medium
2022;Senior Level;Full Time;Data Scientist;136620;USD;US;Fully Remote;US;Medium
2022;Senior Level;Full Time;Data Scientist;99360;USD;US;Fully Remote;US;Medium
2022;Senior Level;Full Time;Data Scientist;90000;GBP;GB;On Site;GB;Medium
2022;Senior Level;Full Time;Data Scientist;80000;GBP;GB;On Site;GB;Medium
2022;Senior Level;Full Time;Data Scientist;146000;USD;US;Fully Remote;US;Medium
2022;Senior Level;Full Time;Data Scientist;123000;USD;US;Fully Remote;US;Medium
2022;Entry Level;Full Time;Data Engineer;40000;GBP;GB;Fully Remote;GB;Medium
2022;Senior Level;Full Time;Data Analyst;99000;USD;US;On Site;US;Medium
2022;Senior Level;Full Time;Data Analyst;116000;USD;US;On Site;US;Medium
2022;Mid Level;Full Time;Data Analyst;106260;USD;US;On Site;US;Medium
2022;Mid Level;Full Time;Data Analyst;126500;USD;US;On Site;US;Medium
2022;Executive;Full Time;Data Engineer;242000;USD;US;Fully Remote;US;Medium
2022;Executive;Full Time;Data Engineer;200000;USD;US;Fully Remote;US;Medium
2022;Mid Level;Full Time;Data Scientist;50000;GBP;GB;On Site;GB;Medium
2022;Mid Level;Full Time;Data Scientist;30000;GBP;GB;On Site;GB;Medium
2022;Mid Level;Full Time;Data Engineer;60000;GBP;GB;On Site;GB;Medium
2022;Mid Level;Full Time;Data Engineer;40000;GBP;GB;On Site;GB;Medium
2022;Senior Level;Full Time;Data Scientist;165220;USD;US;Fully Remote;US;Medium
2022;Entry Level;Full Time;Data Engineer;35000;GBP;GB;Fully Remote;GB;Medium
2022;Senior Level;Full Time;Data Scientist;120160;USD;US;Fully Remote;US;Medium
2022;Senior Level;Full Time;Data Analyst;90320;USD;US;Fully Remote;US;Medium
2022;Senior Level;Full Time;Data Engineer;181940;USD;US;On Site;US;Medium
2022;Senior Level;Full Time;Data Engineer;132320;USD;US;On Site;US;Medium
2022;Senior Level;Full Time;Data Engineer;220110;USD;US;On Site;US;Medium
2022;Senior Level;Full Time;Data Engineer;160080;USD;US;On Site;US;Medium
2022;Senior Level;Full Time;Data Scientist;180000;USD;US;On Site;US;Large
2022;Senior Level;Full Time;Data Scientist;120000;USD;US;On Site;US;Large
2022;Senior Level;Full Time;Data Analyst;124190;USD;US;Fully Remote;US;Medium
2022;Executive;Full Time;Data Analyst;130000;USD;US;Fully Remote;US;Medium
2022;Executive;Full Time;Data Analyst;110000;USD;US;Fully Remote;US;Medium
2022;Senior Level;Full Time;Data Analyst;170000;USD;US;Fully Remote;US;Medium
2022;Mid Level;Full Time;Data Analyst;115500;USD;US;Fully Remote;US;Medium
2022;Senior Level;Full Time;Data Analyst;112900;USD;US;Fully Remote;US;Medium
2022;Senior Level;Full Time;Data Analyst;90320;USD;US;Fully Remote;US;Medium
2022;Senior Level;Full Time;Data Analyst;112900;USD;US;Fully Remote;US;Medium
2022;Senior Level;Full Time;Data Analyst;90320;USD;US;Fully Remote;US;Medium
2022;Senior Level;Full Time;Data Engineer;165400;USD;US;Fully Remote;US;Medium
2022;Senior Level;Full Time;Data Engineer;132320;USD;US;Fully Remote;US;Medium
2022;Mid Level;Full Time;Data Analyst;167000;USD;US;Fully Remote;US;Medium
2022;Senior Level;Full Time;Data Engineer;243900;USD;US;Fully Remote;US;Medium
2022;Senior Level;Full Time;Data Analyst;136600;USD;US;Fully Remote;US;Medium
2022;Senior Level;Full Time;Data Analyst;109280;USD;US;Fully Remote;US;Medium
2022;Senior Level;Full Time;Data Engineer;128875;USD;US;Fully Remote;US;Medium
2022;Senior Level;Full Time;Data Engineer;93700;USD;US;Fully Remote;US;Medium
2022;Executive;Full Time;Head of Data Science;224000;USD;US;Fully Remote;US;Medium
2022;Executive;Full Time;Head of Data Science;167875;USD;US;Fully Remote;US;Medium
2022;Executive;Full Time;Analytics Engineer;175000;USD;US;Fully Remote;US;Medium
2022;Senior Level;Full Time;Data Engineer;156600;USD;US;Fully Remote;US;Medium
2022;Senior Level;Full Time;Data Engineer;108800;USD;US;On Site;US;Medium
2022;Senior Level;Full Time;Data Scientist;95550;USD;US;On Site;US;Medium
2022;Senior Level;Full Time;Data Engineer;113000;USD;US;On Site;US;Large
2022;Senior Level;Full Time;Data Analyst;135000;USD;US;Fully Remote;US;Medium
2022;Senior Level;Full Time;Data Science Manager;161342;USD;US;Fully Remote;US;Medium
2022;Senior Level;Full Time;Data Science Manager;137141;USD;US;Fully Remote;US;Medium
2022;Senior Level;Full Time;Data Scientist;167000;USD;US;Fully Remote;US;Medium
2022;Senior Level;Full Time;Data Scientist;123000;USD;US;Fully Remote;US;Medium
2022;Senior Level;Full Time;Data Engineer;60000;GBP;GB;On Site;GB;Medium
2022;Senior Level;Full Time;Data Engineer;50000;GBP;GB;On Site;GB;Medium
2022;Senior Level;Full Time;Data Scientist;150000;USD;US;On Site;US;Medium
2022;Senior Level;Full Time;Data Scientist;211500;USD;US;Fully Remote;US;Medium
2022;Senior Level;Full Time;Data Architect;192400;USD;CA;Fully Remote;CA;Medium
2022;Senior Level;Full Time;Data Architect;90700;USD;CA;Fully Remote;CA;Medium
2022;Senior Level;Full Time;Data Analyst;130000;USD;CA;Fully Remote;CA;Medium
2022;Senior Level;Full Time;Data Analyst;61300;USD;CA;Fully Remote;CA;Medium
2022;Senior Level;Full Time;Data Analyst;130000;USD;CA;Fully Remote;CA;Medium
2022;Senior Level;Full Time;Data Analyst;61300;USD;CA;Fully Remote;CA;Medium
2022;Senior Level;Full Time;Data Engineer;160000;USD;US;On Site;US;Large
2022;Senior Level;Full Time;Data Scientist;138600;USD;US;Fully Remote;US;Medium
2022;Senior Level;Full Time;Data Engineer;136000;USD;US;On Site;US;Medium
2022;Mid Level;Full Time;Data Analyst;58000;USD;US;On Site;US;Small
2022;Executive;Full Time;Analytics Engineer;135000;USD;US;Fully Remote;US;Medium
2022;Senior Level;Full Time;Data Scientist;170000;USD;US;Fully Remote;US;Medium
2022;Senior Level;Full Time;Data Scientist;123000;USD;US;Fully Remote;US;Medium
2022;Senior Level;Full Time;Machine Learning Engineer;189650;USD;US;On Site;US;Medium
2022;Senior Level;Full Time;Machine Learning Engineer;164996;USD;US;On Site;US;Medium
2022;Mid Level;Full Time;ETL Developer;50000;EUR;GR;On Site;GR;Medium
2022;Mid Level;Full Time;ETL Developer;50000;EUR;GR;On Site;GR;Medium
2022;Executive;Full Time;Lead Data Engineer;150000;CAD;CA;Fully Remote;CA;Small
2022;Senior Level;Full Time;Data Analyst;132000;USD;US;On Site;US;Medium
2022;Senior Level;Full Time;Data Engineer;165400;USD;US;Fully Remote;US;Medium
2022;Senior Level;Full Time;Data Architect;208775;USD;US;Fully Remote;US;Medium
2022;Senior Level;Full Time;Data Architect;147800;USD;US;Fully Remote;US;Medium
2022;Senior Level;Full Time;Data Engineer;136994;USD;US;Fully Remote;US;Medium
2022;Senior Level;Full Time;Data Engineer;101570;USD;US;Fully Remote;US;Medium
2022;Senior Level;Full Time;Data Analyst;128875;USD;US;Fully Remote;US;Medium
2022;Senior Level;Full Time;Data Analyst;93700;USD;US;Fully Remote;US;Medium
2022;Executive;Full Time;Head of Machine Learning;6000000;INR;IN;Hybrid;IN;Large
2022;Senior Level;Full Time;Data Engineer;132320;USD;US;Fully Remote;US;Medium
2022;Entry Level;Full Time;Machine Learning Engineer;28500;GBP;GB;Fully Remote;GB;Large
2022;Senior Level;Full Time;Data Analyst;164000;USD;US;On Site;US;Medium
2022;Senior Level;Full Time;Data Engineer;155000;USD;US;Fully Remote;US;Medium
2022;Mid Level;Full Time;Machine Learning Engineer;95000;GBP;GB;On Site;GB;Medium
2022;Mid Level;Full Time;Machine Learning Engineer;75000;GBP;GB;On Site;GB;Medium
2022;Mid Level;Full Time;AI Scientist;120000;USD;US;On Site;US;Medium
2022;Senior Level;Full Time;Data Analyst;112900;USD;US;Fully Remote;US;Medium
2022;Senior Level;Full Time;Data Analyst;90320;USD;US;Fully Remote;US;Medium
2022;Senior Level;Full Time;Data Analytics Manager;145000;USD;US;Fully Remote;US;Medium
2022;Senior Level;Full Time;Data Analytics Manager;105400;USD;US;Fully Remote;US;Medium
2022;Mid Level;Full Time;Machine Learning Engineer;80000;EUR;FR;Fully Remote;DE;Medium
2022;Mid Level;Full Time;Data Engineer;90000;GBP;GB;On Site;GB;Medium
2022;Senior Level;Full Time;Data Scientist;215300;USD;US;Fully Remote;US;Large
2022;Senior Level;Full Time;Data Scientist;158200;USD;US;Fully Remote;US;Large
2022;Senior Level;Full Time;Data Engineer;209100;USD;US;Fully Remote;US;Large
2022;Senior Level;Full Time;Data Engineer;154600;USD;US;Fully Remote;US;Large
2022;Senior Level;Full Time;Data Analyst;115934;USD;US;On Site;US;Medium
2022;Senior Level;Full Time;Data Analyst;81666;USD;US;On Site;US;Medium
2022;Senior Level;Full Time;Data Engineer;175000;USD;US;Fully Remote;US;Medium
2022;Mid Level;Full Time;Data Engineer;75000;GBP;GB;On Site;GB;Medium
2022;Mid Level;Full Time;Data Analyst;58000;USD;US;On Site;US;Small
2022;Senior Level;Full Time;Data Engineer;183600;USD;US;Fully Remote;US;Large
2022;Mid Level;Full Time;Data Analyst;40000;GBP;GB;Fully Remote;GB;Medium
2022;Senior Level;Full Time;Data Scientist;180000;USD;US;Fully Remote;US;Medium
2022;Mid Level;Full Time;Data Scientist;55000;GBP;GB;On Site;GB;Medium
2022;Mid Level;Full Time;Data Scientist;35000;GBP;GB;On Site;GB;Medium
2022;Mid Level;Full Time;Data Engineer;60000;EUR;GR;Fully Remote;GR;Medium
2022;Mid Level;Full Time;Data Engineer;45000;EUR;GR;Fully Remote;GR;Medium
2022;Mid Level;Full Time;Data Engineer;60000;GBP;GB;Fully Remote;GB;Medium
2022;Mid Level;Full Time;Data Engineer;45000;GBP;GB;Fully Remote;GB;Medium
2022;Senior Level;Full Time;Data Scientist;260000;USD;US;Fully Remote;US;Medium
2022;Senior Level;Full Time;Data Science Engineer;60000;USD;AR;Fully Remote;MX;Large
2022;Mid Level;Full Time;Data Engineer;63900;USD;US;On Site;US;Medium
2022;Mid Level;Full Time;Machine Learning Scientist;160000;USD;US;Fully Remote;US;Large
2022;Mid Level;Full Time;Machine Learning Scientist;112300;USD;US;Fully Remote;US;Large
2022;Mid Level;Full Time;Data Science Manager;241000;USD;US;Fully Remote;US;Medium
2022;Mid Level;Full Time;Data Science Manager;159000;USD;US;Fully Remote;US;Medium
2022;Senior Level;Full Time;Data Scientist;180000;USD;US;On Site;US;Medium
2022;Senior Level;Full Time;Data Scientist;80000;USD;US;On Site;US;Medium
2022;Mid Level;Full Time;Data Engineer;82900;USD;US;On Site;US;Medium
2022;Senior Level;Full Time;Data Engineer;100800;USD;US;Fully Remote;US;Large
2022;Mid Level;Full Time;Data Engineer;45000;EUR;ES;Fully Remote;ES;Medium
2022;Senior Level;Full Time;Data Scientist;140400;USD;US;On Site;US;Large
2022;Mid Level;Full Time;Data Analyst;30000;GBP;GB;Fully Remote;GB;Medium
2022;Mid Level;Full Time;Data Analyst;40000;EUR;ES;Fully Remote;ES;Medium
2022;Mid Level;Full Time;Data Analyst;30000;EUR;ES;Fully Remote;ES;Medium
2022;Mid Level;Full Time;Data Engineer;80000;EUR;ES;Fully Remote;ES;Medium
2022;Mid Level;Full Time;Data Engineer;70000;EUR;ES;Fully Remote;ES;Medium
2022;Mid Level;Full Time;Data Engineer;80000;GBP;GB;Fully Remote;GB;Medium
2022;Mid Level;Full Time;Data Engineer;70000;GBP;GB;Fully Remote;GB;Medium
2022;Mid Level;Full Time;Data Engineer;60000;EUR;ES;Fully Remote;ES;Medium
2022;Mid Level;Full Time;Data Engineer;80000;EUR;GR;Fully Remote;GR;Medium
2022;Senior Level;Full Time;Machine Learning Engineer;189650;USD;US;On Site;US;Medium
2022;Senior Level;Full Time;Machine Learning Engineer;164996;USD;US;On Site;US;Medium
2022;Mid Level;Full Time;Data Analyst;40000;EUR;GR;Fully Remote;GR;Medium
2022;Mid Level;Full Time;Data Analyst;30000;EUR;GR;Fully Remote;GR;Medium
2022;Mid Level;Full Time;Data Engineer;75000;GBP;GB;Fully Remote;GB;Medium
2022;Mid Level;Full Time;Data Engineer;60000;GBP;GB;Fully Remote;GB;Medium
2022;Senior Level;Full Time;Data Scientist;215300;USD;US;On Site;US;Large
2022;Mid Level;Full Time;Data Engineer;70000;EUR;GR;Fully Remote;GR;Medium
2022;Senior Level;Full Time;Data Engineer;209100;USD;US;Fully Remote;US;Large
2022;Senior Level;Full Time;Data Engineer;154600;USD;US;Fully Remote;US;Large
2022;Senior Level;Full Time;Data Engineer;180000;USD;US;Fully Remote;US;Medium
2022;Entry Level;Full Time;ML Engineer;20000;EUR;PT;Fully Remote;PT;Large
2022;Senior Level;Full Time;Data Engineer;80000;USD;US;Fully Remote;US;Medium
2022;Mid Level;Full Time;Machine Learning Developer;100000;CAD;CA;Fully Remote;CA;Medium
2022;Executive;Full Time;Director of Data Science;250000;CAD;CA;Hybrid;CA;Large
2022;Mid Level;Full Time;Machine Learning Engineer;120000;USD;US;Fully Remote;US;Small
2022;Entry Level;Full Time;Computer Vision Engineer;125000;USD;US;On Site;US;Medium
2022;Mid Level;Full Time;NLP Engineer;240000;CNY;US;Hybrid;US;Large
2022;Senior Level;Full Time;Data Engineer;105000;USD;US;Fully Remote;US;Medium
2022;Senior Level;Full Time;Lead Machine Learning Engineer;80000;EUR;DE;On Site;DE;Medium
2022;Mid Level;Full Time;Business Data Analyst;1400000;INR;IN;Fully Remote;IN;Medium
2022;Mid Level;Full Time;Data Scientist;2400000;INR;IN;Fully Remote;IN;Large
2022;Mid Level;Full Time;Machine Learning Infrastructure Engineer;53000;EUR;PT;Hybrid;PT;Large
2022;Entry Level;Full Time;Financial Data Analyst;100000;USD;US;Hybrid;US;Large
2022;Mid Level;Part Time;Data Engineer;50000;EUR;DE;Hybrid;DE;Large
2022;Entry Level;Full Time;Data Scientist;1400000;INR;IN;Fully Remote;IN;Medium
2022;Senior Level;Full Time;Principal Data Scientist;148000;EUR;DE;Fully Remote;DE;Medium
2022;Entry Level;Full Time;Data Engineer;120000;USD;US;Fully Remote;US;Medium
2022;Senior Level;Full Time;Research Scientist;144000;USD;US;Hybrid;US;Large
2022;Senior Level;Full Time;Data Scientist;104890;USD;US;Fully Remote;US;Medium
2022;Senior Level;Full Time;Data Engineer;100000;USD;US;Fully Remote;US;Medium
2022;Senior Level;Full Time;Data Scientist;140000;USD;US;Fully Remote;US;Medium
2022;Mid Level;Full Time;Data Analyst;135000;USD;US;Fully Remote;US;Medium
2022;Mid Level;Full Time;Data Analyst;50000;USD;US;Fully Remote;US;Medium
2022;Senior Level;Full Time;Data Scientist;220000;USD;US;Fully Remote;US;Medium
2022;Senior Level;Full Time;Data Scientist;140000;USD;US;Fully Remote;US;Medium
2022;Mid Level;Full Time;Data Scientist;140000;GBP;GB;On Site;GB;Medium
2022;Mid Level;Full Time;Data Scientist;70000;GBP;GB;On Site;GB;Medium
2022;Senior Level;Full Time;Data Scientist;185100;USD;US;Fully Remote;US;Medium
2022;Senior Level;Full Time;Machine Learning Engineer;220000;USD;US;Fully Remote;US;Medium
2022;Mid Level;Full Time;Data Scientist;200000;USD;US;Fully Remote;US;Medium
2022;Mid Level;Full Time;Data Scientist;120000;USD;US;Fully Remote;US;Medium
2022;Senior Level;Full Time;Machine Learning Engineer;120000;USD;AE;Fully Remote;AE;Small
2022;Senior Level;Full Time;Machine Learning Engineer;65000;USD;AE;Fully Remote;AE;Small
2022;Executive;Full Time;Data Engineer;324000;USD;US;Fully Remote;US;Medium
2022;Executive;Full Time;Data Engineer;216000;USD;US;Fully Remote;US;Medium
2022;Senior Level;Full Time;Data Engineer;210000;USD;US;Fully Remote;US;Medium
2022;Senior Level;Full Time;Machine Learning Engineer;120000;USD;US;Fully Remote;US;Medium
2022;Senior Level;Full Time;Data Scientist;230000;USD;US;Fully Remote;US;Medium
2022;Entry Level;Part Time;Data Scientist;100000;USD;DZ;Hybrid;DZ;Medium
2022;Mid Level;Freelance;Data Scientist;100000;USD;CA;Fully Remote;US;Medium
2022;Entry Level;Contract;Applied Machine Learning Scientist;29000;EUR;TN;Fully Remote;CZ;Medium
2022;Senior Level;Full Time;Head of Data;200000;USD;MY;Fully Remote;US;Medium
2022;Mid Level;Full Time;Principal Data Analyst;75000;USD;CA;Fully Remote;CA;Small
2022;Mid Level;Full Time;Data Scientist;150000;PLN;PL;Fully Remote;PL;Large
2022;Senior Level;Full Time;Machine Learning Developer;100000;CAD;CA;Fully Remote;CA;Medium
2022;Senior Level;Full Time;Data Scientist;100000;USD;BR;Fully Remote;US;Medium
2022;Mid Level;Full Time;Machine Learning Scientist;153000;USD;US;Hybrid;US;Medium
2022;Entry Level;Full Time;Data Engineer;52800;EUR;PK;Fully Remote;DE;Medium
2022;Senior Level;Full Time;Data Scientist;165000;USD;US;Fully Remote;US;Medium
2022;Senior Level;Full Time;Research Scientist;85000;EUR;FR;Hybrid;FR;Large
2022;Entry Level;Full Time;Data Scientist;66500;CAD;CA;Fully Remote;CA;Large
2022;Senior Level;Full Time;Machine Learning Engineer;57000;EUR;NL;Fully Remote;NL;Large
2022;Mid Level;Full Time;Head of Data;30000;EUR;EE;Fully Remote;EE;Small
2022;Entry Level;Full Time;Data Scientist;40000;USD;JP;Fully Remote;MY;Large
2022;Mid Level;Full Time;Machine Learning Engineer;121000;AUD;AU;Fully Remote;AU;Large
2022;Senior Level;Full Time;Data Engineer;115000;USD;US;Fully Remote;US;Medium
2022;Entry Level;Full Time;Data Scientist;120000;AUD;AU;Hybrid;AU;Medium
2022;Mid Level;Full Time;Applied Machine Learning Scientist;75000;USD;BO;Fully Remote;US;Large
2022;Mid Level;Full Time;Research Scientist;59000;EUR;AT;On Site;AT;Large
2022;Entry Level;Full Time;Research Scientist;120000;USD;US;Fully Remote;US;Large
2022;Mid Level;Full Time;Applied Data Scientist;157000;USD;US;Fully Remote;US;Large
2022;Entry Level;Full Time;Computer Vision Software Engineer;150000;USD;AU;Fully Remote;AU;Small
2022;Mid Level;Full Time;Business Data Analyst;90000;CAD;CA;Hybrid;CA;Large
2022;Entry Level;Full Time;Data Engineer;65000;USD;US;Fully Remote;US;Small
2022;Senior Level;Full Time;Machine Learning Engineer;65000;EUR;IE;Fully Remote;IE;Small
2022;Entry Level;Full Time;Data Analytics Engineer;20000;USD;PK;On Site;PK;Medium
2022;Mid Level;Full Time;Data Scientist;48000;USD;RU;Fully Remote;US;Small
2022;Senior Level;Full Time;Data Science Manager;152500;USD;US;Fully Remote;US;Medium
2022;Mid Level;Full Time;Data Engineer;62000;EUR;FR;Fully Remote;FR;Medium
2022;Mid Level;Full Time;Data Scientist;115000;CHF;CH;On Site;CH;Large
2022;Senior Level;Full Time;Applied Data Scientist;380000;USD;US;Fully Remote;US;Large
2022;Mid Level;Full Time;Data Scientist;88000;CAD;CA;Fully Remote;CA;Medium
2022;Entry Level;Full Time;Computer Vision Engineer;10000;USD;PT;Fully Remote;LU;Medium
2022;Mid Level;Full Time;Data Analyst;20000;USD;GR;Fully Remote;GR;Small
2022;Senior Level;Full Time;Data Analytics Lead;405000;USD;US;Fully Remote;US;Large
2022;Mid Level;Full Time;Data Scientist;135000;USD;US;Fully Remote;US;Large
2022;Senior Level;Full Time;Applied Data Scientist;177000;USD;US;Fully Remote;US;Large
2022;Mid Level;Full Time;Data Scientist;78000;USD;US;Fully Remote;US;Medium
2022;Senior Level;Full Time;Data Analyst;135000;USD;US;Fully Remote;US;Medium
2022;Senior Level;Full Time;Data Analyst;100000;USD;US;Fully Remote;US;Medium
2022;Senior Level;Full Time;Data Analyst;90320;USD;US;Fully Remote;US;Medium
2022;Mid Level;Full Time;Data Analyst;85000;USD;CA;On Site;CA;Medium
2022;Mid Level;Full Time;Data Analyst;75000;USD;CA;On Site;CA;Medium
2022;Senior Level;Full Time;Machine Learning Engineer;214000;USD;US;Fully Remote;US;Medium
2022;Senior Level;Full Time;Machine Learning Engineer;192600;USD;US;Fully Remote;US;Medium
2022;Senior Level;Full Time;Data Architect;266400;USD;US;Fully Remote;US;Medium
2022;Senior Level;Full Time;Data Architect;213120;USD;US;Fully Remote;US;Medium
2022;Senior Level;Full Time;Data Analyst;112900;USD;US;Fully Remote;US;Medium
2022;Senior Level;Full Time;Data Engineer;155000;USD;US;Fully Remote;US;Medium
2022;Mid Level;Full Time;Data Scientist;141300;USD;US;On Site;US;Medium
2022;Mid Level;Full Time;Data Scientist;102100;USD;US;On Site;US;Medium
2022;Senior Level;Full Time;Data Analyst;115934;USD;US;Fully Remote;US;Medium
2022;Senior Level;Full Time;Data Analyst;81666;USD;US;Fully Remote;US;Medium
2022;Mid Level;Full Time;Data Engineer;206699;USD;US;On Site;US;Medium
2022;Mid Level;Full Time;Data Engineer;99100;USD;US;On Site;US;Medium
2022;Senior Level;Full Time;Data Engineer;130000;USD;US;Fully Remote;US;Medium
2022;Senior Level;Full Time;Data Engineer;115000;USD;US;Fully Remote;US;Medium
2022;Senior Level;Full Time;Data Engineer;110500;USD;US;Fully Remote;US;Medium
2022;Senior Level;Full Time;Data Engineer;130000;USD;US;Fully Remote;US;Medium
2022;Senior Level;Full Time;Data Analyst;99050;USD;US;Fully Remote;US;Medium
2022;Senior Level;Full Time;Data Engineer;160000;USD;US;Fully Remote;US;Medium
2022;Senior Level;Full Time;Data Scientist;205300;USD;US;On Site;US;Large
2022;Senior Level;Full Time;Data Scientist;140400;USD;US;On Site;US;Large
2022;Senior Level;Full Time;Data Scientist;176000;USD;US;Fully Remote;US;Medium
2022;Senior Level;Full Time;Data Scientist;144000;USD;US;Fully Remote;US;Medium
2022;Senior Level;Full Time;Data Engineer;200100;USD;US;Fully Remote;US;Medium
2022;Senior Level;Full Time;Data Engineer;160000;USD;US;Fully Remote;US;Medium
2022;Senior Level;Full Time;Data Engineer;145000;USD;US;Fully Remote;US;Medium
2022;Senior Level;Full Time;Data Engineer;70500;USD;US;On Site;US;Medium
2022;Senior Level;Full Time;Data Scientist;205300;USD;US;On Site;US;Medium
2022;Senior Level;Full Time;Data Scientist;140400;USD;US;On Site;US;Medium
2022;Senior Level;Full Time;Analytics Engineer;205300;USD;US;On Site;US;Medium
2022;Senior Level;Full Time;Analytics Engineer;184700;USD;US;On Site;US;Medium
2022;Senior Level;Full Time;Data Engineer;175100;USD;US;Fully Remote;US;Medium
2022;Senior Level;Full Time;Data Engineer;140250;USD;US;Fully Remote;US;Medium
2022;Senior Level;Full Time;Data Analyst;116150;USD;US;Fully Remote;US;Medium
2022;Senior Level;Full Time;Data Engineer;54000;USD;US;On Site;US;Medium
2022;Senior Level;Full Time;Data Analyst;170000;USD;US;Fully Remote;US;Medium
2022;Mid Level;Full Time;Data Analyst;50000;GBP;GB;On Site;GB;Medium
2022;Senior Level;Full Time;Data Analyst;80000;USD;US;Fully Remote;US;Medium
2022;Senior Level;Full Time;Data Scientist;140000;USD;US;Fully Remote;US;Medium
2022;Senior Level;Full Time;Data Scientist;210000;USD;US;Fully Remote;US;Medium
2022;Senior Level;Full Time;Data Scientist;140000;USD;US;Fully Remote;US;Medium
2022;Senior Level;Full Time;Data Analyst;100000;USD;US;Fully Remote;US;Medium
2022;Senior Level;Full Time;Data Analyst;69000;USD;US;Fully Remote;US;Medium
2022;Senior Level;Full Time;Data Scientist;210000;USD;US;Fully Remote;US;Medium
2022;Senior Level;Full Time;Data Scientist;140000;USD;US;Fully Remote;US;Medium
2022;Senior Level;Full Time;Data Scientist;210000;USD;US;Fully Remote;US;Medium
2022;Senior Level;Full Time;Data Analyst;150075;USD;US;Fully Remote;US;Medium
2022;Senior Level;Full Time;Data Engineer;100000;USD;US;Fully Remote;US;Medium
2022;Senior Level;Full Time;Data Engineer;25000;USD;US;Fully Remote;US;Medium
2022;Senior Level;Full Time;Data Analyst;126500;USD;US;Fully Remote;US;Medium
2022;Senior Level;Full Time;Data Analyst;106260;USD;US;Fully Remote;US;Medium
2022;Senior Level;Full Time;Data Engineer;220110;USD;US;Fully Remote;US;Medium
2022;Senior Level;Full Time;Data Engineer;160080;USD;US;Fully Remote;US;Medium
2022;Senior Level;Full Time;Data Analyst;105000;USD;US;Fully Remote;US;Medium
2022;Senior Level;Full Time;Data Analyst;110925;USD;US;Fully Remote;US;Medium
2022;Mid Level;Full Time;Data Analyst;35000;GBP;GB;On Site;GB;Medium
2022;Senior Level;Full Time;Data Scientist;140000;USD;US;Fully Remote;US;Medium
2022;Senior Level;Full Time;Data Analyst;99000;USD;US;On Site;US;Medium
2022;Senior Level;Full Time;Data Analyst;60000;USD;US;Fully Remote;US;Medium
2022;Senior Level;Full Time;Data Architect;192564;USD;US;Fully Remote;US;Medium
2022;Senior Level;Full Time;Data Architect;144854;USD;US;Fully Remote;US;Medium
2022;Senior Level;Full Time;Data Scientist;230000;USD;US;Fully Remote;US;Medium
2022;Senior Level;Full Time;Data Scientist;150000;USD;US;Fully Remote;US;Medium
2022;Senior Level;Full Time;Data Analytics Manager;150260;USD;US;Fully Remote;US;Medium
2022;Senior Level;Full Time;Data Analytics Manager;109280;USD;US;Fully Remote;US;Medium
2022;Senior Level;Full Time;Data Scientist;210000;USD;US;Fully Remote;US;Medium
2022;Senior Level;Full Time;Data Analyst;170000;USD;US;Fully Remote;US;Medium
2022;Mid Level;Full Time;Data Scientist;160000;USD;US;Fully Remote;US;Medium
2022;Mid Level;Full Time;Data Scientist;130000;USD;US;Fully Remote;US;Medium
2022;Entry Level;Full Time;Data Analyst;67000;USD;CA;On Site;CA;Medium
2022;Entry Level;Full Time;Data Analyst;52000;USD;CA;On Site;CA;Medium
2022;Senior Level;Full Time;Data Engineer;154000;USD;US;Fully Remote;US;Medium
2022;Senior Level;Full Time;Data Engineer;126000;USD;US;Fully Remote;US;Medium
2022;Senior Level;Full Time;Data Analyst;129000;USD;US;On Site;US;Medium
2022;Senior Level;Full Time;Data Analyst;150000;USD;US;Fully Remote;US;Medium
2022;Mid Level;Full Time;AI Scientist;200000;USD;IN;Fully Remote;US;Large
